no,center_code,center,warehouse_code,warehouse_name,location,product_code,product_num,scan_code,product_name,account_code,delivery_date
1,1,로지비스(주) 용인1센터,1,정상창고,10.1.1,150341,1FH52AA,,HP MN EliteDisplay E273q Monitor,5710,2020-12-03
2,1,로지비스(주) 용인1센터,1,정상창고,10.1.1,152926,1FH45AA,,HP MN EliteDisplay E223 Monitor,5710,2020-12-03
3,1,로지비스(주) 용인1센터,1,정상창고,10.1.1,155906,71228117,,HP BD IDS ProDesk 400 G6 Microtower PC (A9-넥스쿼드-200909),5710,2021-03-30
4,1,로지비스(주) 용인1센터,1,정상창고,10.1.1,170474,71647331,,HP BD WS IDS Z4 G4 WKS (A9-덴티움-210728),5710,2021-12-24
5,1,로지비스(주) 용인1센터,1,정상창고,10.1.4,155906,71228117,,HP BD IDS ProDesk 400 G6 Microtower PC (A9-넥스쿼드-200909),5710,2021-03-30
6,1,로지비스(주) 용인1센터,1,정상창고,10.10.2,163213,9VF99AA,9VF99AA/CAB1,HP MN E24 G4 FHD Monitor,5710,2022-04-01
7,1,로지비스(주) 용인1센터,1,정상창고,10.10.3,150342,7VH44AA,,HP MN P24h G4 FHD Monitor,5710,2021-04-01
8,1,로지비스(주) 용인1센터,1,정상창고,10.10.3,152924,1JS06A4,,HP MN Z23n G2 Display,5710,2021-01-29
9,1,로지비스(주) 용인1센터,1,정상창고,10.10.3,171366,34281557,,HP BD PC IDS ProDesk 400 G7 Microtower PC (A9-넥스쿼드-210811),5710,2021-12-01
10,1,로지비스(주) 용인1센터,1,정상창고,10.10.4,171366,34281557,,HP BD PC IDS ProDesk 400 G7 Microtower PC (A9-넥스쿼드-210811),5710,2021-12-31
11,1,로지비스(주) 용인1센터,1,정상창고,10.11.2,179831,34911629,,HP BD WS IDS Z4 G4 WKS (A9-덴티움-211230),5710,2022-04-01
12,1,로지비스(주) 용인1센터,1,정상창고,10.11.4,171212,34281549,,HP BD PC EDK 800 G8 TWR IDS Base Unit DT PC (A9-넥스쿼드-210811),5710,2021-12-01
13,1,로지비스(주) 용인1센터,1,정상창고,10.12.2,171366,34281557,,HP BD PC IDS ProDesk 400 G7 Microtower PC (A9-넥스쿼드-210811),5710,2021-10-29
14,1,로지비스(주) 용인1센터,1,정상창고,10.12.4,152924,1JS06A4,,HP MN Z23n G2 Display,5710,2021-01-29
15,1,로지비스(주) 용인1센터,1,정상창고,10.13.2,151868,1JS05A4,,HP MN Z22n G2 Display,5710,2020-12-30
16,1,로지비스(주) 용인1센터,1,정상창고,10.13.3,150342,7VH44AA,,HP MN P24h G4 FHD Monitor,5710,2021-04-01
17,1,로지비스(주) 용인1센터,1,정상창고,10.13.3,179831,34911629,,HP BD WS IDS Z4 G4 WKS (A9-덴티움-211230),5710,2022-04-01
18,1,로지비스(주) 용인1센터,1,정상창고,10.13.4,152924,1JS06A4,,HP MN Z23n G2 Display,5710,2021-01-29
19,1,로지비스(주) 용인1센터,1,정상창고,10.14.2,170474,71647331,,HP BD WS IDS Z4 G4 WKS (A9-덴티움-210728),5710,2021-12-24
20,1,로지비스(주) 용인1센터,1,정상창고,10.14.3,163212,3V2W0PC,3V2W0PC#AB1,HP PC ProDesk 400G6 DM i310100T 8GB/128GBPC,5710,2021-04-01
21,1,로지비스(주) 용인1센터,1,정상창고,10.2.1,152927,E4U30AA,,HP MN EliteDisplay E190i LED MNT,5710,2020-08-31
22,1,로지비스(주) 용인1센터,1,정상창고,10.2.2,152924,1JS06A4,,HP MN Z23n G2 Display,5710,2021-01-29
23,1,로지비스(주) 용인1센터,1,정상창고,10.2.2,171366,34281557,,HP BD PC IDS ProDesk 400 G7 Microtower PC (A9-넥스쿼드-210811),5710,2021-12-01
24,1,로지비스(주) 용인1센터,1,정상창고,10.2.3,150341,1FH52AA,,HP MN EliteDisplay E273q Monitor,5710,2020-12-03
25,1,로지비스(주) 용인1센터,1,정상창고,10.3.1,150342,7VH44AA,,HP MN P24h G4 FHD Monitor,5710,2020-12-03
26,1,로지비스(주) 용인1센터,1,정상창고,10.3.1,171366,34281557,,HP BD PC IDS ProDesk 400 G7 Microtower PC (A9-넥스쿼드-210811),5710,2021-09-16
27,1,로지비스(주) 용인1센터,1,정상창고,10.3.2,150342,7VH44AA,,HP MN P24h G4 FHD Monitor,5710,2021-04-01
28,1,로지비스(주) 용인1센터,1,정상창고,10.4.1,179831,34911629,,HP BD WS IDS Z4 G4 WKS (A9-덴티움-211230),5710,2022-04-01
29,1,로지비스(주) 용인1센터,1,정상창고,10.4.3,170474,71647331,,HP BD WS IDS Z4 G4 WKS (A9-덴티움-210728),5710,2021-12-24
30,1,로지비스(주) 용인1센터,1,정상창고,10.5.1,155912,W2Z50AA,,HP MN EliteDisplay E230t 23-in TouchMNT,5710,2020-10-30
31,1,로지비스(주) 용인1센터,1,정상창고,10.5.2,150342,7VH44AA,,HP MN P24h G4 FHD Monitor,5710,2020-06-30
32,1,로지비스(주) 용인1센터,1,정상창고,10.6.1,160244,E5C12AA,,HP NBO X500 Wired Mouse,5710,2021-01-29
33,1,로지비스(주) 용인1센터,1,정상창고,10.6.1,170474,71647331,,HP BD WS IDS Z4 G4 WKS (A9-덴티움-210728),5710,2021-12-24
34,1,로지비스(주) 용인1센터,1,정상창고,10.6.2,170474,71647331,,HP BD WS IDS Z4 G4 WKS (A9-덴티움-210728),5710,2021-12-24
35,1,로지비스(주) 용인1센터,1,정상창고,10.7.4,171366,34281557,,HP BD PC IDS ProDesk 400 G7 Microtower PC (A9-넥스쿼드-210811),5710,2021-12-31
36,1,로지비스(주) 용인1센터,1,정상창고,10.9.4,150341,1FH52AA,,HP MN EliteDisplay E273q Monitor,5710,2020-06-30
37,1,로지비스(주) 용인1센터,1,정상창고,10.9.4,171212,34281549,,HP BD PC EDK 800 G8 TWR IDS Base Unit DT PC (A9-넥스쿼드-210811),5710,2021-12-01
38,1,로지비스(주) 용인1센터,1,정상창고,101,172093,34281553,,HP BD PC IDS ProDesk 400 G7 Microtower PC (A9-넥스쿼드-210811),5710,2021-10-01
39,1,로지비스(주) 용인1센터,1,정상창고,103,150419,1FH47AA,,HP MN EliteDisplay E243 Monitor,5710,2021-02-19
40,1,로지비스(주) 용인1센터,1,정상창고,103,151868,1JS05A4,,HP MN Z22n G2 Display,5710,2020-08-31
41,1,로지비스(주) 용인1센터,1,정상창고,103,152924,1JS06A4,,HP MN Z23n G2 Display,5710,2020-10-30
42,1,로지비스(주) 용인1센터,1,정상창고,103,152925,1FH49AA,,HP MN EliteDisplay E243i Monitor,5710,2020-08-31
43,1,로지비스(주) 용인1센터,1,정상창고,103,152926,1FH45AA,,HP MN EliteDisplay E223 Monitor,5710,2020-12-03
44,1,로지비스(주) 용인1센터,1,정상창고,103,152927,E4U30AA,,HP MN EliteDisplay E190i LED MNT,5710,2020-12-31
45,1,로지비스(주) 용인1센터,1,정상창고,103,154151,1FH46AA,,HP MN EliteDisplay E233 Monitor,5710,2020-12-31
46,1,로지비스(주) 용인1센터,1,정상창고,103,155912,W2Z50AA,,HP MN EliteDisplay E230t 23-in TouchMNT,5710,2020-10-30
47,1,로지비스(주) 용인1센터,1,정상창고,103,163213,9VF99AA,9VF99AA/CAB1,HP MN E24 G4 FHD Monitor,5710,2022-01-06
48,1,로지비스(주) 용인1센터,1,정상창고,103,170784,9VH72AA,,HP MN E22 G4 FHD Monitor,5710,2021-12-31
49,1,로지비스(주) 용인1센터,1,정상창고,103,172997,9TT78AA,9TT78AA/CAB1,HP MN P24v G4 FHD Monitor,5710,2021-10-29
50,1,로지비스(주) 용인1센터,1,정상창고,103,174896,9VG71AA,,HP MN E27 G4 FHD Monitor,5710,2021-12-31
51,1,로지비스(주) 용인1센터,1,정상창고,103,175693,9VH85AA,,HP MN E24t G4 FHD Touch Monitor,5710,2021-12-21
52,1,로지비스(주) 용인1센터,1,정상창고,103,176122,9VG82AA,,HP MN MNTR E27q G4 QHD,5710,2022-03-24
53,1,로지비스(주) 용인1센터,1,정상창고,103,177287,9VJ40AA,,HP MN E24i G4 WUXGA Monitor,5710,2022-03-31
54,1,로지비스(주) 용인1센터,1,정상창고,11.1.1,150342,7VH44AA,,HP MN P24h G4 FHD Monitor,5710,2020-12-03
55,1,로지비스(주) 용인1센터,1,정상창고,11.1.1,170474,71647331,,HP BD WS IDS Z4 G4 WKS (A9-덴티움-210728),5710,2021-09-03
56,1,로지비스(주) 용인1센터,1,정상창고,11.1.1,171212,34281549,,HP BD PC EDK 800 G8 TWR IDS Base Unit DT PC (A9-넥스쿼드-210811),5710,2021-12-01
57,1,로지비스(주) 용인1센터,1,정상창고,11.1.1,179831,34911629,,HP BD WS IDS Z4 G4 WKS (A9-덴티움-211230),5710,2022-04-01
58,1,로지비스(주) 용인1센터,1,정상창고,11.1.2,158739,1JS07A4,,HP MN Z24nf G2 Display,5710,2020-12-30
59,1,로지비스(주) 용인1센터,1,정상창고,11.1.2,172093,34281553,,HP BD PC IDS ProDesk 400 G7 Microtower PC (A9-넥스쿼드-210811),5710,2022-01-28
60,1,로지비스(주) 용인1센터,1,정상창고,11.1.3,171366,34281557,,HP BD PC IDS ProDesk 400 G7 Microtower PC (A9-넥스쿼드-210811),5710,2021-09-16
61,1,로지비스(주) 용인1센터,1,정상창고,11.1.3,179831,34911629,,HP BD WS IDS Z4 G4 WKS (A9-덴티움-211230),5710,2022-04-01
62,1,로지비스(주) 용인1센터,1,정상창고,11.1.4,172997,9TT78AA,9TT78AA/CAB1,HP MN P24v G4 FHD Monitor,5710,2021-12-01
63,1,로지비스(주) 용인1센터,1,정상창고,11.10.3,163212,3V2W0PC,3V2W0PC#AB1,HP PC ProDesk 400G6 DM i310100T 8GB/128GBPC,5710,2021-04-01
64,1,로지비스(주) 용인1센터,1,정상창고,11.10.3,170474,71647331,,HP BD WS IDS Z4 G4 WKS (A9-덴티움-210728),5710,2021-12-24
65,1,로지비스(주) 용인1센터,1,정상창고,11.10.4,179831,34911629,,HP BD WS IDS Z4 G4 WKS (A9-덴티움-211230),5710,2022-04-01
66,1,로지비스(주) 용인1센터,1,정상창고,11.11.1,152927,E4U30AA,,HP MN EliteDisplay E190i LED MNT,5710,2021-09-30
67,1,로지비스(주) 용인1센터,1,정상창고,11.11.3,155904,1FH50AA,,HP MN EliteDisplay E273 Monitor,5710,2020-10-30
68,1,로지비스(주) 용인1센터,1,정상창고,11.11.3,163212,3V2W0PC,3V2W0PC#AB1,HP PC ProDesk 400G6 DM i310100T 8GB/128GBPC,5710,2021-04-01
69,1,로지비스(주) 용인1센터,1,정상창고,11.12.2,152927,E4U30AA,,HP MN EliteDisplay E190i LED MNT,5710,2021-04-23
70,1,로지비스(주) 용인1센터,1,정상창고,11.13.2,155904,1FH50AA,,HP MN EliteDisplay E273 Monitor,5710,2020-10-30
71,1,로지비스(주) 용인1센터,1,정상창고,11.13.3,179831,34911629,,HP BD WS IDS Z4 G4 WKS (A9-덴티움-211230),5710,2022-04-01
72,1,로지비스(주) 용인1센터,1,정상창고,11.14.2,155912,W2Z50AA,,HP MN EliteDisplay E230t 23-in TouchMNT,5710,2020-10-30
73,1,로지비스(주) 용인1센터,1,정상창고,11.14.3,163212,3V2W0PC,3V2W0PC#AB1,HP PC ProDesk 400G6 DM i310100T 8GB/128GBPC,5710,2021-11-30
74,1,로지비스(주) 용인1센터,1,정상창고,11.14.3,179831,34911629,,HP BD WS IDS Z4 G4 WKS (A9-덴티움-211230),5710,2022-04-01
75,1,로지비스(주) 용인1센터,1,정상창고,11.2.2,171366,34281557,,HP BD PC IDS ProDesk 400 G7 Microtower PC (A9-넥스쿼드-210811),5710,2021-09-16
76,1,로지비스(주) 용인1센터,1,정상창고,11.2.3,163213,9VF99AA,9VF99AA/CAB1,HP MN E24 G4 FHD Monitor,5710,2021-04-01
77,1,로지비스(주) 용인1센터,1,정상창고,11.3.1,155904,1FH50AA,,HP MN EliteDisplay E273 Monitor,5710,2020-12-02
78,1,로지비스(주) 용인1센터,1,정상창고,11.3.1,158739,1JS07A4,,HP MN Z24nf G2 Display,5710,2021-01-29
79,1,로지비스(주) 용인1센터,1,정상창고,11.3.2,170474,71647331,,HP BD WS IDS Z4 G4 WKS (A9-덴티움-210728),5710,2021-12-24
80,1,로지비스(주) 용인1센터,1,정상창고,11.3.2,172093,34281553,,HP BD PC IDS ProDesk 400 G7 Microtower PC (A9-넥스쿼드-210811),5710,2022-01-28
81,1,로지비스(주) 용인1센터,1,정상창고,11.3.2,172997,9TT78AA,9TT78AA/CAB1,HP MN P24v G4 FHD Monitor,5710,2021-12-01
82,1,로지비스(주) 용인1센터,1,정상창고,11.5.1,155906,71228117,,HP BD IDS ProDesk 400 G6 Microtower PC (A9-넥스쿼드-200909),5710,2020-12-03
83,1,로지비스(주) 용인1센터,1,정상창고,11.5.4,179831,34911629,,HP BD WS IDS Z4 G4 WKS (A9-덴티움-211230),5710,2022-04-01
84,1,로지비스(주) 용인1센터,1,정상창고,11.7.4,155906,71228117,,HP BD IDS ProDesk 400 G6 Microtower PC (A9-넥스쿼드-200909),5710,2020-12-30
85,1,로지비스(주) 용인1센터,1,정상창고,11.8.2,172025,34281544,,HP BD PC EDK 800 G8 TWR IDS Base Unit DT PC (A9-넥스쿼드-210811),5710,2021-09-30
86,1,로지비스(주) 용인1센터,1,정상창고,11.9.4,179831,34911629,,HP BD WS IDS Z4 G4 WKS (A9-덴티움-211230),5710,2022-04-01
87,1,로지비스(주) 용인1센터,1,정상창고,12.1.1,150341,1FH52AA,,HP MN EliteDisplay E273q Monitor,5710,2020-12-03
88,1,로지비스(주) 용인1센터,1,정상창고,12.1.1,157347,71228115,,HP BD PC IDS EliteDesk 800 G5 Tower PC (A9-넥스쿼드-200909),5710,2021-02-25
89,1,로지비스(주) 용인1센터,1,정상창고,12.1.1,171212,34281549,,HP BD PC EDK 800 G8 TWR IDS Base Unit DT PC (A9-넥스쿼드-210811),5710,2021-12-01
90,1,로지비스(주) 용인1센터,1,정상창고,12.1.1,172093,34281553,,HP BD PC IDS ProDesk 400 G7 Microtower PC (A9-넥스쿼드-210811),5710,2022-02-28
91,1,로지비스(주) 용인1센터,1,정상창고,12.1.3,179831,34911629,,HP BD WS IDS Z4 G4 WKS (A9-덴티움-211230),5710,2022-04-01
92,1,로지비스(주) 용인1센터,1,정상창고,12.1.4,164450,33763793,,HP BD PC EliteDesk 800 G6 Tower PC (A9-엘트로닉스-210309),5710,2021-04-30
93,1,로지비스(주) 용인1센터,1,정상창고,12.1.4,172093,34281553,,HP BD PC IDS ProDesk 400 G7 Microtower PC (A9-넥스쿼드-210811),5710,2022-01-28
94,1,로지비스(주) 용인1센터,1,정상창고,12.10.1,150419,1FH47AA,,HP MN EliteDisplay E243 Monitor,5710,2020-12-03
95,1,로지비스(주) 용인1센터,1,정상창고,12.10.2,150341,1FH52AA,,HP MN EliteDisplay E273q Monitor,5710,2020-06-30
96,1,로지비스(주) 용인1센터,1,정상창고,12.10.4,150341,1FH52AA,,HP MN EliteDisplay E273q Monitor,5710,2020-06-30
97,1,로지비스(주) 용인1센터,1,정상창고,12.11.4,163213,9VF99AA,9VF99AA/CAB1,HP MN E24 G4 FHD Monitor,5710,2021-04-01
98,1,로지비스(주) 용인1센터,1,정상창고,12.13.4,177287,9VJ40AA,,HP MN E24i G4 WUXGA Monitor,5710,2022-03-02
99,1,로지비스(주) 용인1센터,1,정상창고,12.14.3,163213,9VF99AA,9VF99AA/CAB1,HP MN E24 G4 FHD Monitor,5710,2022-04-01
100,1,로지비스(주) 용인1센터,1,정상창고,12.2.1,155904,1FH50AA,,HP MN EliteDisplay E273 Monitor,5710,2020-12-02
101,1,로지비스(주) 용인1센터,1,정상창고,12.2.1,172997,9TT78AA,9TT78AA/CAB1,HP MN P24v G4 FHD Monitor,5710,2021-12-01
102,1,로지비스(주) 용인1센터,1,정상창고,12.2.4,179831,34911629,,HP BD WS IDS Z4 G4 WKS (A9-덴티움-211230),5710,2022-04-01
103,1,로지비스(주) 용인1센터,1,정상창고,12.3.1,171212,34281549,,HP BD PC EDK 800 G8 TWR IDS Base Unit DT PC (A9-넥스쿼드-210811),5710,2021-12-01
104,1,로지비스(주) 용인1센터,1,정상창고,12.3.4,151868,1JS05A4,,HP MN Z22n G2 Display,5710,2020-10-30
105,1,로지비스(주) 용인1센터,1,정상창고,12.4.3,151868,1JS05A4,,HP MN Z22n G2 Display,5710,2020-10-30
106,1,로지비스(주) 용인1센터,1,정상창고,12.5.2,163213,9VF99AA,9VF99AA/CAB1,HP MN E24 G4 FHD Monitor,5710,2022-04-01
107,1,로지비스(주) 용인1센터,1,정상창고,12.6.3,155906,71228117,,HP BD IDS ProDesk 400 G6 Microtower PC (A9-넥스쿼드-200909),5710,2020-12-30
108,1,로지비스(주) 용인1센터,1,정상창고,12.6.4,179831,34911629,,HP BD WS IDS Z4 G4 WKS (A9-덴티움-211230),5710,2022-04-01
109,1,로지비스(주) 용인1센터,1,정상창고,12.7.3,150341,1FH52AA,,HP MN EliteDisplay E273q Monitor,5710,2020-06-30
110,1,로지비스(주) 용인1센터,1,정상창고,12.7.3,172025,34281544,,HP BD PC EDK 800 G8 TWR IDS Base Unit DT PC (A9-넥스쿼드-210811),5710,2022-02-25
111,1,로지비스(주) 용인1센터,1,정상창고,12.8.1,150419,1FH47AA,,HP MN EliteDisplay E243 Monitor,5710,2021-02-19
112,1,로지비스(주) 용인1센터,1,정상창고,12.8.2,163213,9VF99AA,9VF99AA/CAB1,HP MN E24 G4 FHD Monitor,5710,2022-04-01
113,1,로지비스(주) 용인1센터,1,정상창고,12.8.4,172025,34281544,,HP BD PC EDK 800 G8 TWR IDS Base Unit DT PC (A9-넥스쿼드-210811),5710,2022-01-28
114,1,로지비스(주) 용인1센터,1,정상창고,12.9.2,164448,33877466,,HP BD PC EliteDesk 800 G6 Tower PC (A9-엠로-210402),5710,2021-04-30
115,1,로지비스(주) 용인1센터,1,정상창고,12.9.3,163212,3V2W0PC,3V2W0PC#AB1,HP PC ProDesk 400G6 DM i310100T 8GB/128GBPC,5710,2021-11-30
116,1,로지비스(주) 용인1센터,1,정상창고,12.9.3,179831,34911629,,HP BD WS IDS Z4 G4 WKS (A9-덴티움-211230),5710,2022-04-01
117,1,로지비스(주) 용인1센터,1,정상창고,13.1.1,150341,1FH52AA,,HP MN EliteDisplay E273q Monitor,5710,2020-12-03
118,1,로지비스(주) 용인1센터,1,정상창고,13.1.1,163213,9VF99AA,9VF99AA/CAB1,HP MN E24 G4 FHD Monitor,5710,2021-04-01
119,1,로지비스(주) 용인1센터,1,정상창고,13.1.1,176122,9VG82AA,,HP MN MNTR E27q G4 QHD,5710,2022-03-24
120,1,로지비스(주) 용인1센터,1,정상창고,13.1.1,178245,34914007,,,5710,2022-02-25
121,1,로지비스(주) 용인1센터,1,정상창고,13.1.4,150341,1FH52AA,,HP MN EliteDisplay E273q Monitor,5710,2020-12-03
122,1,로지비스(주) 용인1센터,1,정상창고,13.11.2,152927,E4U30AA,,HP MN EliteDisplay E190i LED MNT,5710,2021-09-30
123,1,로지비스(주) 용인1센터,1,정상창고,13.11.3,152927,E4U30AA,,HP MN EliteDisplay E190i LED MNT,5710,2021-07-29
124,1,로지비스(주) 용인1센터,1,정상창고,13.13.2,150341,1FH52AA,,HP MN EliteDisplay E273q Monitor,5710,2020-12-03
125,1,로지비스(주) 용인1센터,1,정상창고,13.2.1,150341,1FH52AA,,HP MN EliteDisplay E273q Monitor,5710,2020-06-30
126,1,로지비스(주) 용인1센터,1,정상창고,13.3.1,151868,1JS05A4,,HP MN Z22n G2 Display,5710,2020-10-30
127,1,로지비스(주) 용인1센터,1,정상창고,13.5.3,174897,3V2W2PC,3V2W2PC#AB1,HP BD PC ProDesk 400G6 DM i310100T 8GB/128GBPC,5710,2021-12-01
128,1,로지비스(주) 용인1센터,1,정상창고,13.6.1,155904,1FH50AA,,HP MN EliteDisplay E273 Monitor,5710,2020-12-03
129,1,로지비스(주) 용인1센터,1,정상창고,13.8.1,155904,1FH50AA,,HP MN EliteDisplay E273 Monitor,5710,2020-12-03
130,1,로지비스(주) 용인1센터,1,정상창고,13.8.3,172997,9TT78AA,9TT78AA/CAB1,HP MN P24v G4 FHD Monitor,5710,2021-10-29
131,1,로지비스(주) 용인1센터,1,정상창고,14.10.2,170474,71647331,,HP BD WS IDS Z4 G4 WKS (A9-덴티움-210728),5710,2021-12-24
132,1,로지비스(주) 용인1센터,1,정상창고,14.14.2,150341,1FH52AA,,HP MN EliteDisplay E273q Monitor,5710,2020-06-30
133,1,로지비스(주) 용인1센터,1,정상창고,14.2.4,172025,34281544,,HP BD PC EDK 800 G8 TWR IDS Base Unit DT PC (A9-넥스쿼드-210811),5710,2022-02-25
134,1,로지비스(주) 용인1센터,1,정상창고,14.3.2,163213,9VF99AA,9VF99AA/CAB1,HP MN E24 G4 FHD Monitor,5710,2022-01-30
135,1,로지비스(주) 용인1센터,1,정상창고,14.4.2,163213,9VF99AA,9VF99AA/CAB1,HP MN E24 G4 FHD Monitor,5710,2022-01-30
136,1,로지비스(주) 용인1센터,1,정상창고,14.4.2,164449,33877462,,HP BD PC EliteDesk 800 G6 Tower PC (A9-엠로-210402),5710,2021-04-30
137,1,로지비스(주) 용인1센터,1,정상창고,14.6.4,152924,1JS06A4,,HP MN Z23n G2 Display,5710,2020-10-30
138,1,로지비스(주) 용인1센터,1,정상창고,14.7.1,175693,9VH85AA,,HP MN E24t G4 FHD Touch Monitor,5710,2021-12-21
139,1,로지비스(주) 용인1센터,1,정상창고,14.9.3,163213,9VF99AA,9VF99AA/CAB1,HP MN E24 G4 FHD Monitor,5710,2022-04-01
140,1,로지비스(주) 용인1센터,1,정상창고,15.11.2,163213,9VF99AA,9VF99AA/CAB1,HP MN E24 G4 FHD Monitor,5710,2022-03-14
141,1,로지비스(주) 용인1센터,1,정상창고,15.13.2,163213,9VF99AA,9VF99AA/CAB1,HP MN E24 G4 FHD Monitor,5710,2022-03-14
142,1,로지비스(주) 용인1센터,1,정상창고,15.13.3,177287,9VJ40AA,,HP MN E24i G4 WUXGA Monitor,5710,2022-01-28
143,1,로지비스(주) 용인1센터,1,정상창고,15.2.1,150342,7VH44AA,,HP MN P24h G4 FHD Monitor,5710,2020-12-03
144,1,로지비스(주) 용인1센터,1,정상창고,15.5.2,158739,1JS07A4,,HP MN Z24nf G2 Display,5710,2021-01-29
145,1,로지비스(주) 용인1센터,1,정상창고,15.7.3,152927,E4U30AA,,HP MN EliteDisplay E190i LED MNT,5710,2021-10-29
146,1,로지비스(주) 용인1센터,1,정상창고,16.1.1,175693,9VH85AA,,HP MN E24t G4 FHD Touch Monitor,5710,2022-03-16
147,1,로지비스(주) 용인1센터,1,정상창고,16.1.2,151868,1JS05A4,,HP MN Z22n G2 Display,5710,2021-01-29
148,1,로지비스(주) 용인1센터,1,정상창고,16.1.2,158739,1JS07A4,,HP MN Z24nf G2 Display,5710,2021-01-29
149,1,로지비스(주) 용인1센터,1,정상창고,16.1.2,163213,9VF99AA,9VF99AA/CAB1,HP MN E24 G4 FHD Monitor,5710,2022-01-28
150,1,로지비스(주) 용인1센터,1,정상창고,16.1.3,151868,1JS05A4,,HP MN Z22n G2 Display,5710,2021-01-29
151,1,로지비스(주) 용인1센터,1,정상창고,16.1.3,152926,1FH45AA,,HP MN EliteDisplay E223 Monitor,5710,2021-02-25
152,1,로지비스(주) 용인1센터,1,정상창고,16.11.2,163213,9VF99AA,9VF99AA/CAB1,HP MN E24 G4 FHD Monitor,5710,2022-01-28
153,1,로지비스(주) 용인1센터,1,정상창고,16.2.1,171366,34281557,,HP BD PC IDS ProDesk 400 G7 Microtower PC (A9-넥스쿼드-210811),5710,2021-12-31
154,1,로지비스(주) 용인1센터,1,정상창고,16.3.2,152926,1FH45AA,,HP MN EliteDisplay E223 Monitor,5710,2021-02-25
155,1,로지비스(주) 용인1센터,1,정상창고,16.4.1,152926,1FH45AA,,HP MN EliteDisplay E223 Monitor,5710,2021-02-25
156,1,로지비스(주) 용인1센터,1,정상창고,16.4.2,177287,9VJ40AA,,HP MN E24i G4 WUXGA Monitor,5710,2022-01-28
157,1,로지비스(주) 용인1센터,1,정상창고,16.5.2,163213,9VF99AA,9VF99AA/CAB1,HP MN E24 G4 FHD Monitor,5710,2022-01-28
158,1,로지비스(주) 용인1센터,1,정상창고,16.6.3,163213,9VF99AA,9VF99AA/CAB1,HP MN E24 G4 FHD Monitor,5710,2022-01-28
159,1,로지비스(주) 용인1센터,1,정상창고,16.6.4,151868,1JS05A4,,HP MN Z22n G2 Display,5710,2021-01-29
160,1,로지비스(주) 용인1센터,1,정상창고,16.8.1,163213,9VF99AA,9VF99AA/CAB1,HP MN E24 G4 FHD Monitor,5710,2022-01-28
161,1,로지비스(주) 용인1센터,1,정상창고,16.8.1,172025,34281544,,HP BD PC EDK 800 G8 TWR IDS Base Unit DT PC (A9-넥스쿼드-210811),5710,2022-02-25
162,1,로지비스(주) 용인1센터,1,정상창고,16.9.3,172025,34281544,,HP BD PC EDK 800 G8 TWR IDS Base Unit DT PC (A9-넥스쿼드-210811),5710,2022-01-28
163,1,로지비스(주) 용인1센터,1,정상창고,17.14.3,172025,34281544,,HP BD PC EDK 800 G8 TWR IDS Base Unit DT PC (A9-넥스쿼드-210811),5710,2021-09-30
164,1,로지비스(주) 용인1센터,1,정상창고,18.13.2,172093,34281553,,HP BD PC IDS ProDesk 400 G7 Microtower PC (A9-넥스쿼드-210811),5710,2022-02-28
165,1,로지비스(주) 용인1센터,1,정상창고,18.13.3,172093,34281553,,HP BD PC IDS ProDesk 400 G7 Microtower PC (A9-넥스쿼드-210811),5710,2022-02-28
166,1,로지비스(주) 용인1센터,1,정상창고,18.3.3,172093,34281553,,HP BD PC IDS ProDesk 400 G7 Microtower PC (A9-넥스쿼드-210811),5710,2022-02-28
167,1,로지비스(주) 용인1센터,1,정상창고,18.3.4,172093,34281553,,HP BD PC IDS ProDesk 400 G7 Microtower PC (A9-넥스쿼드-210811),5710,2022-02-28
168,1,로지비스(주) 용인1센터,1,정상창고,18.6.4,172093,34281553,,HP BD PC IDS ProDesk 400 G7 Microtower PC (A9-넥스쿼드-210811),5710,2022-02-28
169,1,로지비스(주) 용인1센터,1,정상창고,18.7.3,172093,34281553,,HP BD PC IDS ProDesk 400 G7 Microtower PC (A9-넥스쿼드-210811),5710,2022-02-28
170,1,로지비스(주) 용인1센터,1,정상창고,19.3.2,163213,9VF99AA,9VF99AA/CAB1,HP MN E24 G4 FHD Monitor,5710,2022-02-25
171,1,로지비스(주) 용인1센터,1,정상창고,19.4.2,163213,9VF99AA,9VF99AA/CAB1,HP MN E24 G4 FHD Monitor,5710,2022-02-25
172,1,로지비스(주) 용인1센터,1,정상창고,20.11.2,170474,71647331,,HP BD WS IDS Z4 G4 WKS (A9-덴티움-210728),5710,2021-09-03
173,1,로지비스(주) 용인1센터,1,정상창고,20.13.4,170474,71647331,,HP BD WS IDS Z4 G4 WKS (A9-덴티움-210728),5710,2021-09-03
174,1,로지비스(주) 용인1센터,1,정상창고,20.4.4,170474,71647331,,HP BD WS IDS Z4 G4 WKS (A9-덴티움-210728),5710,2021-09-03
175,1,로지비스(주) 용인1센터,1,정상창고,20.5.4,170474,71647331,,HP BD WS IDS Z4 G4 WKS (A9-덴티움-210728),5710,2021-09-03
176,1,로지비스(주) 용인1센터,1,정상창고,20.6.2,170474,71647331,,HP BD WS IDS Z4 G4 WKS (A9-덴티움-210728),5710,2021-09-03
177,1,로지비스(주) 용인1센터,1,정상창고,20.7.3,170474,71647331,,HP BD WS IDS Z4 G4 WKS (A9-덴티움-210728),5710,2021-09-03
178,1,로지비스(주) 용인1센터,1,정상창고,20.8.3,170474,71647331,,HP BD WS IDS Z4 G4 WKS (A9-덴티움-210728),5710,2021-09-03
179,1,로지비스(주) 용인1센터,1,정상창고,20.9.2,170474,71647331,,HP BD WS IDS Z4 G4 WKS (A9-덴티움-210728),5710,2021-09-03
180,1,로지비스(주) 용인1센터,1,정상창고,20.9.4,170474,71647331,,HP BD WS IDS Z4 G4 WKS (A9-덴티움-210728),5710,2021-09-03
181,1,로지비스(주) 용인1센터,1,정상창고,7.1.1,150341,1FH52AA,,HP MN EliteDisplay E273q Monitor,5710,2020-06-30
182,1,로지비스(주) 용인1센터,1,정상창고,7.1.1,152927,E4U30AA,,HP MN EliteDisplay E190i LED MNT,5710,2021-07-29
183,1,로지비스(주) 용인1센터,1,정상창고,7.1.1,170474,71647331,,HP BD WS IDS Z4 G4 WKS (A9-덴티움-210728),5710,2021-08-26
184,1,로지비스(주) 용인1센터,1,정상창고,7.1.5,170474,71647331,,HP BD WS IDS Z4 G4 WKS (A9-덴티움-210728),5710,2021-12-24
185,1,로지비스(주) 용인1센터,1,정상창고,7.10.1,157347,71228115,,HP BD PC IDS EliteDesk 800 G5 Tower PC (A9-넥스쿼드-200909),5710,2020-12-30
186,1,로지비스(주) 용인1센터,1,정상창고,7.10.2,170474,71647331,,HP BD WS IDS Z4 G4 WKS (A9-덴티움-210728),5710,2021-12-24
187,1,로지비스(주) 용인1센터,1,정상창고,7.10.3,163004,33764197,,HP BD PC EliteDesk 800 G6 Tower PC (A9-엘트로닉스-210309),5710,2021-03-30
188,1,로지비스(주) 용인1센터,1,정상창고,7.10.5,163212,3V2W0PC,3V2W0PC#AB1,HP PC ProDesk 400G6 DM i310100T 8GB/128GBPC,5710,2021-09-13
189,1,로지비스(주) 용인1센터,1,정상창고,7.11.4,171366,34281557,,HP BD PC IDS ProDesk 400 G7 Microtower PC (A9-넥스쿼드-210811),5710,2021-12-31
190,1,로지비스(주) 용인1센터,1,정상창고,7.12.2,158737,71363302,,HP BD IDS ProDesk 400 G6 MT PC (A9-넥스쿼드-201206),5710,2020-12-30
191,1,로지비스(주) 용인1센터,1,정상창고,7.12.3,170474,71647331,,HP BD WS IDS Z4 G4 WKS (A9-덴티움-210728),5710,2021-12-24
192,1,로지비스(주) 용인1센터,1,정상창고,7.13.1,171366,34281557,,HP BD PC IDS ProDesk 400 G7 Microtower PC (A9-넥스쿼드-210811),5710,2021-12-31
193,1,로지비스(주) 용인1센터,1,정상창고,7.13.3,163213,9VF99AA,9VF99AA/CAB1,HP MN E24 G4 FHD Monitor,5710,2022-01-06
194,1,로지비스(주) 용인1센터,1,정상창고,7.13.5,170474,71647331,,HP BD WS IDS Z4 G4 WKS (A9-덴티움-210728),5710,2021-08-26
195,1,로지비스(주) 용인1센터,1,정상창고,7.13.5,179831,34911629,,HP BD WS IDS Z4 G4 WKS (A9-덴티움-211230),5710,2022-04-01
196,1,로지비스(주) 용인1센터,1,정상창고,7.14.2,170474,71647331,,HP BD WS IDS Z4 G4 WKS (A9-덴티움-210728),5710,2021-12-24
197,1,로지비스(주) 용인1센터,1,정상창고,7.14.2,172093,34281553,,HP BD PC IDS ProDesk 400 G7 Microtower PC (A9-넥스쿼드-210811),5710,2022-02-28
198,1,로지비스(주) 용인1센터,1,정상창고,7.14.4,170474,71647331,,HP BD WS IDS Z4 G4 WKS (A9-덴티움-210728),5710,2021-12-24
199,1,로지비스(주) 용인1센터,1,정상창고,7.14.5,179831,34911629,,HP BD WS IDS Z4 G4 WKS (A9-덴티움-211230),5710,2022-04-01
200,1,로지비스(주) 용인1센터,1,정상창고,7.2.1,158739,1JS07A4,,HP MN Z24nf G2 Display,5710,2021-01-29
201,1,로지비스(주) 용인1센터,1,정상창고,7.2.1,163213,9VF99AA,9VF99AA/CAB1,HP MN E24 G4 FHD Monitor,5710,2022-03-16
202,1,로지비스(주) 용인1센터,1,정상창고,7.2.3,157347,71228115,,HP BD PC IDS EliteDesk 800 G5 Tower PC (A9-넥스쿼드-200909),5710,2021-03-30
203,1,로지비스(주) 용인1센터,1,정상창고,7.2.4,155906,71228117,,HP BD IDS ProDesk 400 G6 Microtower PC (A9-넥스쿼드-200909),5710,2020-12-30
204,1,로지비스(주) 용인1센터,1,정상창고,7.2.5,155906,71228117,,HP BD IDS ProDesk 400 G6 Microtower PC (A9-넥스쿼드-200909),5710,2020-12-30
205,1,로지비스(주) 용인1센터,1,정상창고,7.3.1,155904,1FH50AA,,HP MN EliteDisplay E273 Monitor,5710,2020-12-03
206,1,로지비스(주) 용인1센터,1,정상창고,7.3.1,155906,71228117,,HP BD IDS ProDesk 400 G6 Microtower PC (A9-넥스쿼드-200909),5710,2021-03-30
207,1,로지비스(주) 용인1센터,1,정상창고,7.3.2,155912,W2Z50AA,,HP MN EliteDisplay E230t 23-in TouchMNT,5710,2020-12-30
208,1,로지비스(주) 용인1센터,1,정상창고,7.3.2,163212,3V2W0PC,3V2W0PC#AB1,HP PC ProDesk 400G6 DM i310100T 8GB/128GBPC,5710,2021-09-13
209,1,로지비스(주) 용인1센터,1,정상창고,7.3.4,170474,71647331,,HP BD WS IDS Z4 G4 WKS (A9-덴티움-210728),5710,2021-08-26
210,1,로지비스(주) 용인1센터,1,정상창고,7.4.2,155905,71228118,,HP BD IDS ProDesk 400 G6 Microtower PC (A9-넥스쿼드-200909),5710,2020-10-30
211,1,로지비스(주) 용인1센터,1,정상창고,7.4.3,170474,71647331,,HP BD WS IDS Z4 G4 WKS (A9-덴티움-210728),5710,2021-08-26
212,1,로지비스(주) 용인1센터,1,정상창고,7.4.4,170474,71647331,,HP BD WS IDS Z4 G4 WKS (A9-덴티움-210728),5710,2021-08-26
213,1,로지비스(주) 용인1센터,1,정상창고,7.4.5,170474,71647331,,HP BD WS IDS Z4 G4 WKS (A9-덴티움-210728),5710,2021-12-24
214,1,로지비스(주) 용인1센터,1,정상창고,7.5.2,152927,E4U30AA,,HP MN EliteDisplay E190i LED MNT,5710,2021-09-30
215,1,로지비스(주) 용인1센터,1,정상창고,7.5.2,163212,3V2W0PC,3V2W0PC#AB1,HP PC ProDesk 400G6 DM i310100T 8GB/128GBPC,5710,2022-01-28
216,1,로지비스(주) 용인1센터,1,정상창고,7.5.4,171366,34281557,,HP BD PC IDS ProDesk 400 G7 Microtower PC (A9-넥스쿼드-210811),5710,2021-10-02
217,1,로지비스(주) 용인1센터,1,정상창고,7.5.4,181251,35219431,,,5710,2022-05-02
218,1,로지비스(주) 용인1센터,1,정상창고,7.6.1,150342,7VH44AA,,HP MN P24h G4 FHD Monitor,5710,2020-12-02
219,1,로지비스(주) 용인1센터,1,정상창고,7.6.3,155906,71228117,,HP BD IDS ProDesk 400 G6 Microtower PC (A9-넥스쿼드-200909),5710,2020-10-30
220,1,로지비스(주) 용인1센터,1,정상창고,7.6.5,155904,1FH50AA,,HP MN EliteDisplay E273 Monitor,5710,2020-12-03
221,1,로지비스(주) 용인1센터,1,정상창고,7.7.2,170474,71647331,,HP BD WS IDS Z4 G4 WKS (A9-덴티움-210728),5710,2021-12-24
222,1,로지비스(주) 용인1센터,1,정상창고,7.7.3,157347,71228115,,HP BD PC IDS EliteDesk 800 G5 Tower PC (A9-넥스쿼드-200909),5710,2021-02-25
223,1,로지비스(주) 용인1센터,1,정상창고,7.7.4,170474,71647331,,HP BD WS IDS Z4 G4 WKS (A9-덴티움-210728),5710,2021-08-26
224,1,로지비스(주) 용인1센터,1,정상창고,7.7.5,170474,71647331,,HP BD WS IDS Z4 G4 WKS (A9-덴티움-210728),5710,2021-08-26
225,1,로지비스(주) 용인1센터,1,정상창고,7.8.2,154151,1FH46AA,,HP MN EliteDisplay E233 Monitor,5710,2020-12-03
226,1,로지비스(주) 용인1센터,1,정상창고,7.9.2,157347,71228115,,HP BD PC IDS EliteDesk 800 G5 Tower PC (A9-넥스쿼드-200909),5710,2020-12-30
227,1,로지비스(주) 용인1센터,1,정상창고,7.9.4,152926,1FH45AA,,HP MN EliteDisplay E223 Monitor,5710,2020-12-03
228,1,로지비스(주) 용인1센터,1,정상창고,7.9.4,157347,71228115,,HP BD PC IDS EliteDesk 800 G5 Tower PC (A9-넥스쿼드-200909),5710,2020-12-03
229,1,로지비스(주) 용인1센터,1,정상창고,8.10.3,170474,71647331,,HP BD WS IDS Z4 G4 WKS (A9-덴티움-210728),5710,2021-12-24
230,1,로지비스(주) 용인1센터,1,정상창고,8.10.5,155906,71228117,,HP BD IDS ProDesk 400 G6 Microtower PC (A9-넥스쿼드-200909),5710,2021-02-25
231,1,로지비스(주) 용인1센터,1,정상창고,8.10.5,179831,34911629,,HP BD WS IDS Z4 G4 WKS (A9-덴티움-211230),5710,2022-04-01
232,1,로지비스(주) 용인1센터,1,정상창고,8.11.3,171212,34281549,,HP BD PC EDK 800 G8 TWR IDS Base Unit DT PC (A9-넥스쿼드-210811),5710,2021-09-13
233,1,로지비스(주) 용인1센터,1,정상창고,8.12.5,170474,71647331,,HP BD WS IDS Z4 G4 WKS (A9-덴티움-210728),5710,2021-12-24
234,1,로지비스(주) 용인1센터,1,정상창고,8.14.5,179831,34911629,,HP BD WS IDS Z4 G4 WKS (A9-덴티움-211230),5710,2022-04-01
235,1,로지비스(주) 용인1센터,1,정상창고,8.2.1,155906,71228117,,HP BD IDS ProDesk 400 G6 Microtower PC (A9-넥스쿼드-200909),5710,2021-02-25
236,1,로지비스(주) 용인1센터,1,정상창고,8.2.1,171212,34281549,,HP BD PC EDK 800 G8 TWR IDS Base Unit DT PC (A9-넥스쿼드-210811),5710,2021-12-01
237,1,로지비스(주) 용인1센터,1,정상창고,8.2.4,150341,1FH52AA,,HP MN EliteDisplay E273q Monitor,5710,2020-06-30
238,1,로지비스(주) 용인1센터,1,정상창고,8.2.4,163431,71421151,,HP BD WS IDS Z4 G4 WKS (A9-덴티움-210127),5710,2021-04-09
239,1,로지비스(주) 용인1센터,1,정상창고,8.2.4,170474,71647331,,HP BD WS IDS Z4 G4 WKS (A9-덴티움-210728),5710,2021-12-24
240,1,로지비스(주) 용인1센터,1,정상창고,8.3.2,170474,71647331,,HP BD WS IDS Z4 G4 WKS (A9-덴티움-210728),5710,2021-12-24
241,1,로지비스(주) 용인1센터,1,정상창고,8.4.1,172093,34281553,,HP BD PC IDS ProDesk 400 G7 Microtower PC (A9-넥스쿼드-210811),5710,2022-02-28
242,1,로지비스(주) 용인1센터,1,정상창고,8.4.2,154151,1FH46AA,,HP MN EliteDisplay E233 Monitor,5710,2020-12-31
243,1,로지비스(주) 용인1센터,1,정상창고,8.4.3,152925,1FH49AA,,HP MN EliteDisplay E243i Monitor,5710,2020-08-31
244,1,로지비스(주) 용인1센터,1,정상창고,8.4.3,170474,71647331,,HP BD WS IDS Z4 G4 WKS (A9-덴티움-210728),5710,2021-08-26
245,1,로지비스(주) 용인1센터,1,정상창고,8.4.3,171366,34281557,,HP BD PC IDS ProDesk 400 G7 Microtower PC (A9-넥스쿼드-210811),5710,2021-10-29
246,1,로지비스(주) 용인1센터,1,정상창고,8.4.4,152926,1FH45AA,,HP MN EliteDisplay E223 Monitor,5710,2020-08-31
247,1,로지비스(주) 용인1센터,1,정상창고,8.4.4,163431,71421151,,HP BD WS IDS Z4 G4 WKS (A9-덴티움-210127),5710,2021-04-09
248,1,로지비스(주) 용인1센터,1,정상창고,8.5.1,150341,1FH52AA,,HP MN EliteDisplay E273q Monitor,5710,2020-06-30
249,1,로지비스(주) 용인1센터,1,정상창고,8.5.2,169255,34154185,,HP BD PC IDS ProDesk 400 G7 Microtower PC (A9-코센-210603),5710,2021-07-29
250,1,로지비스(주) 용인1센터,1,정상창고,8.5.3,172025,34281544,,HP BD PC EDK 800 G8 TWR IDS Base Unit DT PC (A9-넥스쿼드-210811),5710,2022-02-25
251,1,로지비스(주) 용인1센터,1,정상창고,8.5.4,170474,71647331,,HP BD WS IDS Z4 G4 WKS (A9-덴티움-210728),5710,2021-12-24
252,1,로지비스(주) 용인1센터,1,정상창고,8.6.2,152924,1JS06A4,,HP MN Z23n G2 Display,5710,2020-08-31
253,1,로지비스(주) 용인1센터,1,정상창고,8.6.3,152927,E4U30AA,,HP MN EliteDisplay E190i LED MNT,5710,2020-12-31
254,1,로지비스(주) 용인1센터,1,정상창고,8.7.2,170474,71647331,,HP BD WS IDS Z4 G4 WKS (A9-덴티움-210728),5710,2021-12-24
255,1,로지비스(주) 용인1센터,1,정상창고,8.8.2,170474,71647331,,HP BD WS IDS Z4 G4 WKS (A9-덴티움-210728),5710,2021-12-24
256,1,로지비스(주) 용인1센터,1,정상창고,8.9.5,171212,34281549,,HP BD PC EDK 800 G8 TWR IDS Base Unit DT PC (A9-넥스쿼드-210811),5710,2021-09-13
257,1,로지비스(주) 용인1센터,1,정상창고,9.1.1,168619,71508760,,HP BD WS IDS Z4 G4 WKS (A9-덴티움-210422),5710,2021-07-20
258,1,로지비스(주) 용인1센터,1,정상창고,9.1.1,170474,71647331,,HP BD WS IDS Z4 G4 WKS (A9-덴티움-210728),5710,2021-12-24
259,1,로지비스(주) 용인1센터,1,정상창고,9.1.1,172093,34281553,,HP BD PC IDS ProDesk 400 G7 Microtower PC (A9-넥스쿼드-210811),5710,2022-04-07
260,1,로지비스(주) 용인1센터,1,정상창고,9.1.2,150342,7VH44AA,,HP MN P24h G4 FHD Monitor,5710,2020-12-03
261,1,로지비스(주) 용인1센터,1,정상창고,9.1.2,163212,3V2W0PC,3V2W0PC#AB1,HP PC ProDesk 400G6 DM i310100T 8GB/128GBPC,5710,2022-01-28
262,1,로지비스(주) 용인1센터,1,정상창고,9.1.2,163431,71421151,,HP BD WS IDS Z4 G4 WKS (A9-덴티움-210127),5710,2021-04-15
263,1,로지비스(주) 용인1센터,1,정상창고,9.1.2,170474,71647331,,HP BD WS IDS Z4 G4 WKS (A9-덴티움-210728),5710,2021-12-24
264,1,로지비스(주) 용인1센터,1,정상창고,9.1.4,150341,1FH52AA,,HP MN EliteDisplay E273q Monitor,5710,2020-12-03
265,1,로지비스(주) 용인1센터,1,정상창고,9.1.4,163431,71421151,,HP BD WS IDS Z4 G4 WKS (A9-덴티움-210127),5710,2021-04-15
266,1,로지비스(주) 용인1센터,1,정상창고,9.11.4,163431,71421151,,HP BD WS IDS Z4 G4 WKS (A9-덴티움-210127),5710,2021-04-09
267,1,로지비스(주) 용인1센터,1,정상창고,9.13.2,154151,1FH46AA,,HP MN EliteDisplay E233 Monitor,5710,2020-09-29
268,1,로지비스(주) 용인1센터,1,정상창고,9.13.4,155906,71228117,,HP BD IDS ProDesk 400 G6 Microtower PC (A9-넥스쿼드-200909),5710,2021-03-30
269,1,로지비스(주) 용인1센터,1,정상창고,9.14.3,163212,3V2W0PC,3V2W0PC#AB1,HP PC ProDesk 400G6 DM i310100T 8GB/128GBPC,5710,2022-03-02
270,1,로지비스(주) 용인1센터,1,정상창고,9.14.4,163431,71421151,,HP BD WS IDS Z4 G4 WKS (A9-덴티움-210127),5710,2021-04-09
271,1,로지비스(주) 용인1센터,1,정상창고,9.3.3,155906,71228117,,HP BD IDS ProDesk 400 G6 Microtower PC (A9-넥스쿼드-200909),5710,2020-12-03
272,1,로지비스(주) 용인1센터,1,정상창고,9.3.3,163431,71421151,,HP BD WS IDS Z4 G4 WKS (A9-덴티움-210127),5710,2021-04-09
273,1,로지비스(주) 용인1센터,1,정상창고,9.4.1,155904,1FH50AA,,HP MN EliteDisplay E273 Monitor,5710,2020-10-30
274,1,로지비스(주) 용인1센터,1,정상창고,9.4.2,168619,71508760,,HP BD WS IDS Z4 G4 WKS (A9-덴티움-210422),5710,2021-07-20
275,1,로지비스(주) 용인1센터,1,정상창고,9.4.2,170474,71647331,,HP BD WS IDS Z4 G4 WKS (A9-덴티움-210728),5710,2021-12-24
276,1,로지비스(주) 용인1센터,1,정상창고,9.4.3,163431,71421151,,HP BD WS IDS Z4 G4 WKS (A9-덴티움-210127),5710,2021-04-09
277,1,로지비스(주) 용인1센터,1,정상창고,9.4.3,171366,34281557,,HP BD PC IDS ProDesk 400 G7 Microtower PC (A9-넥스쿼드-210811),5710,2021-10-02
278,1,로지비스(주) 용인1센터,1,정상창고,9.4.3,172997,9TT78AA,9TT78AA/CAB1,HP MN P24v G4 FHD Monitor,5710,2021-10-25
279,1,로지비스(주) 용인1센터,1,정상창고,9.4.4,163431,71421151,,HP BD WS IDS Z4 G4 WKS (A9-덴티움-210127),5710,2021-04-15
280,1,로지비스(주) 용인1센터,1,정상창고,9.4.4,168619,71508760,,HP BD WS IDS Z4 G4 WKS (A9-덴티움-210422),5710,2021-07-20
281,1,로지비스(주) 용인1센터,1,정상창고,9.4.4,170474,71647331,,HP BD WS IDS Z4 G4 WKS (A9-덴티움-210728),5710,2021-12-24
282,1,로지비스(주) 용인1센터,1,정상창고,9.5.2,168619,71508760,,HP BD WS IDS Z4 G4 WKS (A9-덴티움-210422),5710,2021-07-20
283,1,로지비스(주) 용인1센터,1,정상창고,9.5.4,155906,71228117,,HP BD IDS ProDesk 400 G6 Microtower PC (A9-넥스쿼드-200909),5710,2020-10-30
284,1,로지비스(주) 용인1센터,1,정상창고,9.5.4,163431,71421151,,HP BD WS IDS Z4 G4 WKS (A9-덴티움-210127),5710,2021-04-09
285,1,로지비스(주) 용인1센터,1,정상창고,9.6.1,171366,34281557,,HP BD PC IDS ProDesk 400 G7 Microtower PC (A9-넥스쿼드-210811),5710,2021-10-02
286,1,로지비스(주) 용인1센터,1,정상창고,9.6.2,168619,71508760,,HP BD WS IDS Z4 G4 WKS (A9-덴티움-210422),5710,2021-07-20
287,1,로지비스(주) 용인1센터,1,정상창고,9.6.4,155906,71228117,,HP BD IDS ProDesk 400 G6 Microtower PC (A9-넥스쿼드-200909),5710,2021-02-19
288,1,로지비스(주) 용인1센터,1,정상창고,9.7.3,168619,71508760,,HP BD WS IDS Z4 G4 WKS (A9-덴티움-210422),5710,2021-07-20
289,1,로지비스(주) 용인1센터,1,정상창고,9.7.4,171212,34281549,,HP BD PC EDK 800 G8 TWR IDS Base Unit DT PC (A9-넥스쿼드-210811),5710,2021-10-02
290,1,로지비스(주) 용인1센터,1,정상창고,9.8.2,171366,34281557,,HP BD PC IDS ProDesk 400 G7 Microtower PC (A9-넥스쿼드-210811),5710,2021-10-02
291,1,로지비스(주) 용인1센터,1,정상창고,9.8.3,163212,3V2W0PC,3V2W0PC#AB1,HP PC ProDesk 400G6 DM i310100T 8GB/128GBPC,5710,2022-03-02
292,1,로지비스(주) 용인1센터,1,정상창고,9.9.3,163431,71421151,,HP BD WS IDS Z4 G4 WKS (A9-덴티움-210127),5710,2021-04-09
293,1,로지비스(주) 용인1센터,2,반품창고,107,150342,7VH44AA,,HP MN P24h G4 FHD Monitor,5710,2020-12-02
294,1,로지비스(주) 용인1센터,2,반품창고,107,155904,1FH50AA,,HP MN EliteDisplay E273 Monitor,5710,2020-12-02
295,1,로지비스(주) 용인1센터,2,반품창고,66.15.1.1,155904,1FH50AA,,HP MN EliteDisplay E273 Monitor,5710,2020-12-02
296,1,로지비스(주) 용인1센터,2,반품창고,66.15.1.1,171212,34281549,,HP BD PC EDK 800 G8 TWR IDS Base Unit DT PC (A9-넥스쿼드-210811),5710,2021-10-15
297,1,로지비스(주) 용인1센터,2,반품창고,66.15.13.2,155904,1FH50AA,,HP MN EliteDisplay E273 Monitor,5710,2020-12-02
298,1,로지비스(주) 용인1센터,2,반품창고,66.15.2.1,163213,9VF99AA,9VF99AA/CAB1,HP MN E24 G4 FHD Monitor,5710,2022-03-16
299,1,로지비스(주) 용인1센터,2,반품창고,66.15.2.1,171212,34281549,,HP BD PC EDK 800 G8 TWR IDS Base Unit DT PC (A9-넥스쿼드-210811),5710,2021-09-13
300,1,로지비스(주) 용인1센터,5,임시창고,666,172997,9TT78AA,9TT78AA/CAB1,HP MN P24v G4 FHD Monitor,5710,2021-10-28
301,1,로지비스(주) 용인1센터,7,SPR창고,66.16.2.1,172093,34281553,,HP BD PC IDS ProDesk 400 G7 Microtower PC (A9-넥스쿼드-210811),5710,2022-04-07
302,1,로지비스(주) 용인1센터,S00,출하창고,S099999,150341,1FH52AA,,HP MN EliteDisplay E273q Monitor,5710,--
303,1,로지비스(주) 용인1센터,S00,출하창고,S099999,150342,7VH44AA,,HP MN P24h G4 FHD Monitor,5710,--
304,1,로지비스(주) 용인1센터,S00,출하창고,S099999,150419,1FH47AA,,HP MN EliteDisplay E243 Monitor,5710,--
305,1,로지비스(주) 용인1센터,S00,출하창고,S099999,151868,1JS05A4,,HP MN Z22n G2 Display,5710,--
306,1,로지비스(주) 용인1센터,S00,출하창고,S099999,152924,1JS06A4,,HP MN Z23n G2 Display,5710,--
307,1,로지비스(주) 용인1센터,S00,출하창고,S099999,152925,1FH49AA,,HP MN EliteDisplay E243i Monitor,5710,--
308,1,로지비스(주) 용인1센터,S00,출하창고,S099999,152926,1FH45AA,,HP MN EliteDisplay E223 Monitor,5710,--
309,1,로지비스(주) 용인1센터,S00,출하창고,S099999,152927,E4U30AA,,HP MN EliteDisplay E190i LED MNT,5710,--
310,1,로지비스(주) 용인1센터,S00,출하창고,S099999,154151,1FH46AA,,HP MN EliteDisplay E233 Monitor,5710,--
311,1,로지비스(주) 용인1센터,S00,출하창고,S099999,155904,1FH50AA,,HP MN EliteDisplay E273 Monitor,5710,--
312,1,로지비스(주) 용인1센터,S00,출하창고,S099999,155905,71228118,,HP BD IDS ProDesk 400 G6 Microtower PC (A9-넥스쿼드-200909),5710,--
313,1,로지비스(주) 용인1센터,S00,출하창고,S099999,155906,71228117,,HP BD IDS ProDesk 400 G6 Microtower PC (A9-넥스쿼드-200909),5710,--
314,1,로지비스(주) 용인1센터,S00,출하창고,S099999,155912,W2Z50AA,,HP MN EliteDisplay E230t 23-in TouchMNT,5710,--
315,1,로지비스(주) 용인1센터,S00,출하창고,S099999,157347,71228115,,HP BD PC IDS EliteDesk 800 G5 Tower PC (A9-넥스쿼드-200909),5710,--
316,1,로지비스(주) 용인1센터,S00,출하창고,S099999,158737,71363302,,HP BD IDS ProDesk 400 G6 MT PC (A9-넥스쿼드-201206),5710,--
317,1,로지비스(주) 용인1센터,S00,출하창고,S099999,158739,1JS07A4,,HP MN Z24nf G2 Display,5710,--
318,1,로지비스(주) 용인1센터,S00,출하창고,S099999,160244,E5C12AA,,HP NBO X500 Wired Mouse,5710,--
319,1,로지비스(주) 용인1센터,S00,출하창고,S099999,163004,33764197,,HP BD PC EliteDesk 800 G6 Tower PC (A9-엘트로닉스-210309),5710,--
320,1,로지비스(주) 용인1센터,S00,출하창고,S099999,163212,3V2W0PC,3V2W0PC#AB1,HP PC ProDesk 400G6 DM i310100T 8GB/128GBPC,5710,--
321,1,로지비스(주) 용인1센터,S00,출하창고,S099999,163213,9VF99AA,9VF99AA/CAB1,HP MN E24 G4 FHD Monitor,5710,--
322,1,로지비스(주) 용인1센터,S00,출하창고,S099999,163431,71421151,,HP BD WS IDS Z4 G4 WKS (A9-덴티움-210127),5710,--
323,1,로지비스(주) 용인1센터,S00,출하창고,S099999,164448,33877466,,HP BD PC EliteDesk 800 G6 Tower PC (A9-엠로-210402),5710,--
324,1,로지비스(주) 용인1센터,S00,출하창고,S099999,164449,33877462,,HP BD PC EliteDesk 800 G6 Tower PC (A9-엠로-210402),5710,--
325,1,로지비스(주) 용인1센터,S00,출하창고,S099999,164450,33763793,,HP BD PC EliteDesk 800 G6 Tower PC (A9-엘트로닉스-210309),5710,--
326,1,로지비스(주) 용인1센터,S00,출하창고,S099999,168619,71508760,,HP BD WS IDS Z4 G4 WKS (A9-덴티움-210422),5710,--
327,1,로지비스(주) 용인1센터,S00,출하창고,S099999,169255,34154185,,HP BD PC IDS ProDesk 400 G7 Microtower PC (A9-코센-210603),5710,--
328,1,로지비스(주) 용인1센터,S00,출하창고,S099999,170474,71647331,,HP BD WS IDS Z4 G4 WKS (A9-덴티움-210728),5710,--
329,1,로지비스(주) 용인1센터,S00,출하창고,S099999,170784,9VH72AA,,HP MN E22 G4 FHD Monitor,5710,--
330,1,로지비스(주) 용인1센터,S00,출하창고,S099999,171212,34281549,,HP BD PC EDK 800 G8 TWR IDS Base Unit DT PC (A9-넥스쿼드-210811),5710,--
331,1,로지비스(주) 용인1센터,S00,출하창고,S099999,171366,34281557,,HP BD PC IDS ProDesk 400 G7 Microtower PC (A9-넥스쿼드-210811),5710,--
332,1,로지비스(주) 용인1센터,S00,출하창고,S099999,172025,34281544,,HP BD PC EDK 800 G8 TWR IDS Base Unit DT PC (A9-넥스쿼드-210811),5710,--
333,1,로지비스(주) 용인1센터,S00,출하창고,S099999,172093,34281553,,HP BD PC IDS ProDesk 400 G7 Microtower PC (A9-넥스쿼드-210811),5710,--
334,1,로지비스(주) 용인1센터,S00,출하창고,S099999,172997,9TT78AA,9TT78AA/CAB1,HP MN P24v G4 FHD Monitor,5710,--
335,1,로지비스(주) 용인1센터,S00,출하창고,S099999,174896,9VG71AA,,HP MN E27 G4 FHD Monitor,5710,--
336,1,로지비스(주) 용인1센터,S00,출하창고,S099999,174897,3V2W2PC,3V2W2PC#AB1,HP BD PC ProDesk 400G6 DM i310100T 8GB/128GBPC,5710,--
337,1,로지비스(주) 용인1센터,S00,출하창고,S099999,175693,9VH85AA,,HP MN E24t G4 FHD Touch Monitor,5710,--
338,1,로지비스(주) 용인1센터,S00,출하창고,S099999,176122,9VG82AA,,HP MN MNTR E27q G4 QHD,5710,--
339,1,로지비스(주) 용인1센터,S00,출하창고,S099999,177287,9VJ40AA,,HP MN E24i G4 WUXGA Monitor,5710,--
340,1,로지비스(주) 용인1센터,S00,출하창고,S099999,178245,34914007,,,5710,--
341,1,로지비스(주) 용인1센터,S00,출하창고,S099999,179831,34911629,,HP BD WS IDS Z4 G4 WKS (A9-덴티움-211230),5710,--
342,1,로지비스(주) 용인1센터,S00,출하창고,S099999,181251,35219431,,,5710,--
